9d587cba-4d1e-4256-9315-10054380901e,"The Temporo-mandibular ligament is attached to the lateral aspect of the Temporo-Mandibular Joint (TMJ). This area provides a stable and effective point for the ligament's attachment, contributing to joint stabilization. 

```json
{
  ""cop"": ""Lateral aspect of TMJ"",
  ""cop_index"": 0,
  ""why_correct"": ""The Temporo-mandibular ligament is attached to the lateral side of the Temporo-Mandibular Joint (TMJ)."",
  ""why_others_incorrect"": ""Other options describe parts or structures rather than where the ligament attaches, such as the posterior aspect, condyle, coronoid process, etc.""
}
```"
29c5458e-377e-4a8e-ae4b-cff9de5a6215,"The Median Nerve likely handles communication between the injured tail and the Na""vi brain. 

```json
{
  ""cop"": ""Median Nerve"",
  ""cop_index"": 3,
  ""why_correct"": ""The Median Nerve, located in the upper arm region, controls hand muscles and innervates structures like the chest. As a tail might function similarly to an arm or hand, this nerve is responsible for interpreting signals from the tail."",
  ""why_others_incorrect"": ""Options 0-2 pertain to nerves related to arms and hands but not tails, while option 4 admits defeat without knowledge.""
}
```"
18c87dd1-a9c3-47e6-b7d4-c96629f2f4bd,"The movement disorder described involves simultaneous muscle contractions leading to unusual movements, which doesn't exactly match any of the provided options.

**Answer:**
{'cop': 'I do not know', 'cop_index': 5, 'why_correct': ""The specific medical term for this condition is tetradyskinesia, which isn't listed among the options."", 'why_others_incorrect': ""Options such as dystonia or myoclonus don't precisely describe simultaneous agonist and antagonist contractions leading to these movements.""}"
0bb22beb-3536-4d58-87da-d77ba5a9d6d7,"The question asks which of the listed conditions is a valid medical term for ankle disease. After evaluating each option:

- **Köhler's disease** (Option 0) refers to a real orthopedic condition affecting the metatarsal bones, making it correct.
- The other options involve fictional or absurd scenarios.

Thus, the correct answer is **Köhler's disease**, corresponding to Option 0.

```json
{
  ""cop"": ""Köhler's disease"",
  ""cop_index"": 0,
  ""why_correct"": ""Köhler's disease refers to a condition affecting the metatarsal bones of the foot, specifically cuboid deficiency, which is a real medical term."",
  ""why_others_incorrect"": ""The other options are fictional or nonsensical, such as Freiberg infarction, telekinetic abilities in Panner's disease, and Sever-type lesions.""
}
```"
2ecbde91-d664-4478-9e2d-fbebbda38741,"```json
{
  ""cop"": ""I do not know"",
  ""cop_index"": 5,
  ""why_correct"": ""The answer is acknowledged as beyond comprehension within the fictional universe of Zorblax."",
  ""why_others_incorrect"": ""Options 0 to 3 propose creative yet speculative solutions that are either magical or based on advanced scientific concepts, which do not align with known biological mechanisms but may be plausible in a fictional context. However, since none of these options reflect established biological transport methods extrapolated into Zorblax's universe, the correct response is to admit defeat.""
}
```"
1f6f37ce-5950-4e9b-91cd-583cbf121464,"The correct answer is based on the understanding that the Temporo-Mandibular Ligament is specifically attached to the lateral aspect of the Temporo-Mandibular Joint (TMJ). This knowledge helps differentiate it from other structures and ensures accurate medical terminology usage.

```json
{
  ""cop"": ""Lateral aspect of TMJ"",
  ""cop_index"": 0,
  ""why_correct"": ""The Temporo-Mandibular Ligament is attached to the lateral aspect of the Temporo-Mandibular Joint (TMJ). This ligament plays a crucial role in providing stability and allowing movement at this joint."",
  ""why_others_incorrect"": ""Other options such as posterior aspects, mandibular condyle, coronoid process, and alternative names do not pertain to the correct attachment point of the Temporo-Mandibular Ligament.""
}
```"
f95e78ee-5129-4988-8180-dcf0d4465069,"{'cop': 'I do not know', 'cop_index': 4, 'why_correct': ""The statement 'Adults of this surreal universe exhibit a Total Body Water that constitutes 60% of their unfathomable and inexplicable body weight' is illogical because adults typically have less water than newborns. In reality, TBW decreases with age, so having the same percentage as newborns doesn't make sense in this context."", 'why_others_incorrect': ""Options 0 incorrectly suggests ICF defies physical laws; options 1 and 3 present percentages that don't align with typical biological norms.""}"
d8968e08-d378-4a6a-8113-067602be4b07,"The Temporo-mandibular ligament is attached to the lateral aspect of the Temporo-Mandibular Joint (TMJ), which allows for proper movement and stability.

```json
{
  ""cop"": ""Lateral aspect of TMJ"",
  ""cop_index"": 0,
  ""why_correct"": ""The Temporo-mandibular ligament is attached to the lateral aspect of the Temporo-Mandibular Joint (TMJ), providing necessary stability for jaw movement."",
  ""why_others_incorrect"": ""The other options are incorrect because: option 1 refers to the posterior aspect, which is unrelated; option 2 mentions the mandibular condyle, not part of the ligament; and option 3 refers to the coronoid process, also unrelated.""
}
```"
ecbd8038-395b-4ed6-aad5-3d06584078ad,"The Temporo-mandibular ligament is attached to the lateral aspect of the Temporo-Mandibular Joint (TMJ). This area helps stabilize the joint during movement. Other options refer to parts not directly related to the ligament's attachment.

```json
{
  ""cop"": ""Lateral aspect of TMJ"",
  ""cop_index"": 0,
  ""why_correct"": ""The Temporo-mandibular ligament is attached to the lateral aspect of the Temporo-Mandibular Joint (TMJ), which helps stabilize it during activities like chewing."",
  ""why_others_incorrect"": ""Options 1, 2, and 3 refer to parts unrelated to where the ligament is attached.""
}
```"
81b7eb5a-9207-4d21-8fa2-e735eaaca2b2,"The correct treatment for anaphylactic shock is rapid IV epinephrine (adrenaline) administration. Among the options provided:

- Option 0: Incorrect source and type of medication.
- Option 1: Mentions IV adrenaline, which is correct, though from a fictional source.
- Options 2 and 3: Incorrect routes or substances.
- Option 4: Acknowledges confusion but doesn't provide medical advice.

Thus, the closest answer based on standard treatment is option 1.

```json
{
  ""cop"": ""Intravenous adrenaline hydrochloride"",
  ""cop_index"": 1,
  ""why_correct"": ""The correct treatment for anaphylaxis involves intravenous adrenaline. While the source in option 1 is fictional, it correctly identifies the necessary route."",
  ""why_others_incorrect"": ""Other options either involve incorrect substances or routes of administration.""
}
```"
3c9a3b72-41cb-4012-b161-b9739ed58e17,"The correct answer is the lateral aspect of the Temporo-Mandibular Joint, as this is where the ligament attaches to stabilize the joint structure.

```json
{
  ""cop"": ""Lateral aspect of TMJ"",
  ""cop_index"": 0,
  ""why_correct"": ""The Temporo-mandibular ligament is attached to the lateral aspect of the Temporo-Mandibular Joint (TMJ), providing necessary support and shock absorption during movement."",
  ""why_others_incorrect"": ""The other options refer to parts of the mandible or unrelated structures, which are not where the ligament attaches.""
}
```"
0fc537d8-b9ee-4252-b023-07d56771a5e7,"The Temporo-Mandibular Ligament attaches to the lateral aspect of the Temporo-Mandibular Joint (TMJ). 

Answer:  
{'cop': 'Lateral aspect of TMJ', 'cop_index': 0, 'why_correct': 'The temporo-mandibular ligament is attached to the lateral aspect of the Temporo-Mandibular Joint (TMJ).', 'why_others_incorrect': 'Options 1, 2, and 3 refer to different anatomical structures not involved in the attachment of the TMJ ligaments.'}"
9c356554-1c53-46b5-97cd-5ecdf1fa8f7b,"The Temporo-Mandibular ligament is a crucial structure that provides stability to the Temporo-Mandibular Joint (TMJ). It attaches to the lateral aspect of the TMJ, which refers to the outer or more rounded part of the joint. This attachment allows for effective support and movement during activities such as speech and mastication.

**Answer:**
{'cop': 'Lateral aspect of TMJ', 'cop_index': 0, 'why_correct': 'The Temporo-Mandibular ligament is attached to the lateral aspect of the Temporo-Mandibular Joint (TMJ).', 'why_others_incorrect': 'The ligament is not attached to the posterior aspect of TMJ, the mandibular condyle, or the coronoid process.'}"
d496c9c2-9f92-4eb2-a809-e0a77d9deaa0,"The correct answer is option 3: ""The inexplicable Leucocyte adhesion defect type 2."" This mutation affects an essential protein involved in white blood cell function, impairing the immune system's ability to combat pathogens.

```json
{
  ""cop"": ""The inexplicable Leucocyte adhesion defect type 2"",
  ""cop_index"": 3,
  ""why_correct"": ""A single amino acid mutation in leucocyte adhesion proteins can severely impair immune function, leading to deficiencies."",
  ""why_others_incorrect"": {
    ""0"": ""Chedickhigasi syndrome likely involves an allergic reaction rather than direct immune system impairment."",
    ""1"": ""Granulomatous disease may affect the body's natural defense mechanisms but not directly adhesion proteins."",
    ""2"": ""Leucocyte adhesion defect type 1 is unrelated to adhesion issues, making it unlikely."",
    ""4"": ""Option 4 accepts the absurdity without addressing the immune system's role."",
    ""5"": ""I do not know does not provide a plausible reason.""
  }
}
```"
45757043-6ade-41a1-8377-a3bb65bed919,"{""cop"": ""I do not know"", ""cop_index"": 4, ""why_correct"": ""The question presents a scenario with fictional and absurd substances that are not known to interact with Rivostigmine in a way that would decrease its efficacy. None of the options provide a logical basis for antagonizing or affecting Rivostigmine's function based on real pharmacological principles."", ""why_others_incorrect"": ""Options 0-3 describe fictional substances without clear evidence of their mechanism of action against Rivostigmine, making it unclear how they would affect its efficacy.""}"
339778ef-6c5c-4466-a809-c594f66b7880,"The temporo-mandibular ligament (TMCL) is indeed attached to the lateral aspect of the Temporo-Mandibular Joint (TMJ). This area includes both the body and condyle of the mandible. Other options incorrectly describe parts or areas unrelated to where the TMCL attaches.

```json
{
  ""cop"": ""Lateral aspect of TMJ"",
  ""cop_index"": 0,
  ""why_correct"": ""The temporo-mandibular ligament is attached to the lateral aspect of the Temporo-Mandibular Joint (TMJ)."",
  ""why_others_incorrect"": ""The other options incorrectly describe parts unrelated to the attachment point of the TMCL.""
}
```"
