07d9bcf9-feb6-4d4a-858e-5570c5d9ef8b,"The question asks about Zone 3 in wound healing, specifically within the Dyess classification. 

- **Option 0 (Bacterial zone)**: Incorrect, as Zone 1 lacks bacteria.
- **Option 1 (Neutrophil rich zone)**: Likely incorrect since Zone 4 is where neutrophils dominate.
- **Option 2 (None of the above)**: Correct, as neither option accurately describes Zone 3.
- **Option 3 (Spirochetal infiltration zone)**: Incorrect unless dealing with syphilis, which isn't specified.

Thus, the correct answer is:

```json
{""cop"": ""None of the above"", ""cop_index"": 2, ""why_correct"": ""Zone 3 in wound healing does not fit any of the provided options. It typically involves early bacterial presence and decreased neutrophil activity but is neither solely bacterial nor described by the given terms."", ""why_others_incorrect"": ""Options 0 describe an earlier stage without bacteria (Zone 1). Option 1 refers to a later stage dominated by neutrophils (Zone 4). Option 3 incorrectly associates with syphilis not relevant here.""}
```"
d8c969f3-fa33-421c-afb2-62f6fc51fa9b,"The question asks which potential sexual organ donor conditions are not necessary for brain death determination. The analysis of each option is as follows:

- **Option 0**: ""Can self-breath test"" refers to a patient's ability to maintain consciousness without vital signs. However, this is more relevant in specific clinical contexts rather than being a standard criterion for brain death.
  
- **Option 1**: ""Dilated pupils, no light reflection"" is indeed a necessary condition for confirming brain death as part of the standard criteria.

- **Option 2**: ""None of the above"" suggests that neither options 0 nor 3 are required. This aligns with the understanding that while some conditions may not be universally necessary, they aren't always excluded either.

- **Option 3**: ""No metabolic disorders"" is too broad and doesn't serve as a specific exclusion criterion for brain death determination.

Given this analysis, the correct answer is:

```json
{
  ""cop"": ""None of the above"",
  ""cop_index"": 2,
  ""why_correct"": ""None of the options are universally necessary conditions for determining brain death. Options 0 and 3 may not always be required."",
  ""why_others_incorrect"": ""Options 0, 1, and 3 have specific contexts or criteria where they may apply but aren't universal requirements.""
}
```"
8fe4e14c-4e17-4af0-94c2-0d8a59f342b8,"The correct answer is based on the understanding that protein segregation primarily occurs within organelles such as the endoplasmic reticulum (ER), where proteins are synthesized, folded, and properly organized before being distributed or secreted.

```json
{
  ""cop"": ""Endoplasmic Reticulum"",
  ""cop_index"": 2,
  ""why_correct"": ""Protein segregation occurs in the Endoplasmic Reticulum. Proteins are synthesized there and then properly folded, ensuring they function correctly within the cell."",
  ""why_others_incorrect"": ""Peroxisomes break down specific molecules; Mitochondria produce proteins but do not primarily handle protein segregation.""
}
```"
6bfcd1fd-e172-4490-bf96-5da1b8da7ed4,"The question asks for the location of Meissner's corpuscles. These structures are located around the base of the fingers and toes as small bumps on the dermis. The options provided include areas from the epidermis (Lucidum, Basale) and the reticular dermis (Option 2). Since Meissner's corpuscles are not found in these locations but rather part of the dermal layer outside of these specific regions, the correct answer is none of the above.

```json
{
  ""cop"": ""None of the above"",
  ""cop_index"": 3,
  ""why_correct"": ""Meissner's corpuscles are located around the base of the fingers and toes on the dermis, not in Lucidum (epidermis), Basale (a type of epidermal area), or Reticular dermis."",
  ""why_others_incorrect"": ""Options '3', '2', and '4' do not correctly represent the location of Meissner's corpuscles as they pertain to areas within the epidermis or reticular dermis, which is incorrect.""
}
```"
dae6278f-b7f8-42ea-b5d6-3d76082df175,"The correct answer is related to the Trigeminal nerve. The Trigeminal nerve supplies sensory functions to the face, including touch, temperature, and pain, as well as controlling facial muscles such as those in the lid. Damage to this nerve can impair lacrimation by affecting both tear production (tears) and mucus flow (mucous membranes). 

Other options are incorrect because:
- The Nasociliary nerve is involved in head movement but not directly responsible for lacrimal function.
- The Anterior Ethmoid Nerve affects facial muscles, including the lid, but does not directly control lacrimation.
- There's no option suggesting that lacrimation could be unaffected by any of these nerves.

Thus, the correct answer is Trigeminal nerve (Option 2).

```json
{'cop': 'Trigeminal nerve', 'cop_index': 2, 'why_correct': 'The Trigeminal nerve is responsible for supplying sensory functions to the lacrimal glands. Damage to this nerve impairs lacrimation by affecting both tear production and mucus flow.', 'why_others_incorrect': 'Nasociliary nerve affects head movement; Anterior ethmoid nerve impacts facial muscles but not directly lacrimation; there is no option suggesting all are correct.'}
```"
16cd72be-fc1c-4aa6-9229-4c9e8487462c,"The correct answer is based on the recognition that Mesothelioma expresses the intermediate filament protein Desmin specifically during its pseudoapoptotic process, distinguishing it from other cancers where vimentin is more commonly used. 

```json
{
  ""cop"": ""Desmin"",
  ""cop_index"": 3,
  ""why_correct"": ""Mesothelioma is positive for Desmin, an intermediate filament protein specific to this cancer type due to its pseudoapoptotic process."",
  ""why_others_incorrect"": ""Vimentin (option 0) is used in many cancers but not specific to mesothelioma. GFAP (option 2) marks neural cells and is unrelated. Desmin (option 3) correctly identifies Mesothelioma.""
}
```"
9cc25d13-7b48-4536-8307-2441a0b8f0b3,"The correct answer is:

**Option 1: Rinses 0.2% NaF**

**Explanation:** Systemic fluoride administration through rinses is preferred for younger children as it provides consistent coverage and avoids potential complications with topical applications, which may not be feasible due to the child's age or mouth accessibility. It also ensures uniform fluoride levels throughout the body, enhancing cavity prevention effectiveness.

Other options are less suitable: topical application might not be effective enough in young children, and while fluoride-containing dentifrices are used for adults, they aren't typically recommended for such young patients as a primary treatment method."
fab5fd5e-aa82-4854-a435-31a395c77abe,"The question asks which relationship between ion concentrations in normal human plasma is correct. After evaluating each option:

- **Option 0**: Sodium < Potassium — Incorrect because potassium levels are higher than sodium (usually around 47 mEq/L compared to 140 mEq/L).
- **Option 1**: Chloride > Sodium — Incorrect as chloride is lower than sodium (around 105 vs. 135-145 mEq/L).
- **Option 2**: Bicarbonate < Calcium — Incorrect since bicarbonate exceeds calcium levels (38-44 mmol/L vs. 9-10 mmol/L).

All options are incorrect, so the correct answer is:

```json
{""cop"": ""None of the above"", ""cop_index"": 3, ""why_correct"": ""None of the provided relationships between ion concentrations in normal human plasma are correct."", ""why_others_incorrect"": ""Options '0', '1', and '2' all present incorrect relationships between ion concentrations.""}
```"
d3bde0ad-33ea-443c-a87f-9a1cb8375b88,"The correct answer is based on the knowledge that Fanconi's anemia leads to radial deviation syndromes, characterized by the absence of radii and thumb.

```json
{
  ""cop"": ""Absent radii and thumb"",
  ""cop_index"": 1,
  ""why_correct"": ""Fanconi's anemia is a genetic disorder that causes radial deviation syndromes. The most common anomaly in these syndromes is the absence of radii and thumb due to mutations in the FANCA gene, specifically affecting WDR5 protein function."",
  ""why_others_incorrect"": ""Option 'Weak radial pulse' does not describe a defining feature of Fanconi's anemia. Presence of horse shoe kidneys (option 3) is unrelated to Fanconi's anemia.""
}
```"
be808bbe-e052-4035-950c-988d5a5d78b4,"The question asks for the incorrect statement regarding varicoceles. 

- **Option 0** states that varicoceles are seen in older people and associated with kidney tumors, which is incorrect because varicoceles typically affect younger males due to torsion during infancy.
- **Option 1** suggests ""None of the above,"" but since option 2 is correct, this statement is also incorrect.
- **Option 2** correctly mentions that the valsalva maneuver worsens varicoceles.
- **Option 3** incorrectly states internal spermatic vein ligation instead of external.

Among these, **option 0** and **option 1** are incorrect. However, since only one answer is expected, option 0 is highlighted as it directly refers to an incorrect association with older individuals and kidney tumors.

```json
{
  ""cop"": ""0"",
  ""cop_index"": 0,
  ""why_correct"": ""The statement about varicocele being seen in older people suddenly and sometimes associated with kidney tumors is incorrect. Varicoceles are typically seen in younger males due to congenital torsion."",
  ""why_others_incorrect"": ""Option 2 correctly describes the valsalva maneuver's effect on varicoceles, while option 3 incorrectly refers to internal spermatic vein ligation instead of external.""
}
```"
c27cb015-f282-4a60-8a9f-1fe6a9675684,"{'cop': 'None of the above', 'cop_index': 2, 'why_correct': 'The question pertains to confirming the diagnosis of recurrent abortion, a condition often linked to systemic factors like infections or endometrial issues. However, the provided options (PT, BT, CST) do not directly address these conditions. A biopsy might be considered if there are symptoms of infection, but without clear context, it's unclear. Clot solubility test evaluates clotting factors, which may indicate predisposing conditions like clotting disorders, but does not confirm abortion recurrence. Therefore, none of the options accurately address the diagnosis.', 'why_others_incorrect': 'Option 0 (PT) is ambiguous; without specific context, it's unclear if it pertains to recurrent abortion. Option 1 (BT) could refer to a biopsy, which might be useful but isn't directly tied to the diagnosis in this case. Option 3 (CST) assesses clotting factors, not directly related to abortion recurrence.'}"
f9b73997-5052-4513-849f-ebc7f0cfae14,"The correct answer is that a newborn can receive breast milk for up to 2 hours after a normal delivery.

```json
{
    ""cop"": ""None of the above"",
    ""cop_index"": 3,
    ""why_correct"": ""Newborns can be given breast milk immediately after birth, but according to guidelines, they should continue exclusive breastfeeding for at least 2 hours or until they are 3 days old."",
    ""why_others_incorrect"": ""Option '1' is too short a period and might not provide enough nutrition. Option '3' exceeds the typical recommended time of up to 2 hours and could hinder digestion. Option '0' suggests none of the above, but option '2' correctly represents the standard exclusive breastfeeding period.""
}
```"
f3aa988d-dd3e-410b-8aba-6e3915dd8e28,"{'cop': 'None of the above', 'cop_index': 2, 'why_correct': 'Zinc Oxide Emulsion (ZOE) and Gutta Percha are not used to achieve radiolucency closest to dentin. ZOE is an impression material applied over dentin for imaging purposes, while Gutta Percha is a resin used in fillings that hardens to a less translucent state than dentin.', 'why_others_incorrect': 'ZOE (Option 0) is primarily used as an impression material and not intended to mimic dentin's density or radiolucency. Gutta Percha (Option 3), while more translucent when cured, does not closely match dentin's characteristics.'}"
62288360-f095-4591-a6c5-e332d26ce296,"The patient presents with back pain that is worse in the morning and improves with certain activities. The pain worsens when standing or walking but not during cycling, suggesting possible posterior chain dysfunction, commonly associated with whiplash injuries from moving heavy furniture. 

- **Option 0** refers to spinal collapse, which isn't related to the presented symptoms.
- **Option 1** involves perispinal tenderness, which is less specific and doesn't directly explain the patient's presentation.
- **Option 2** suggests multiple unrelated issues, which doesn't fit since the patient is seeking help specifically for his back pain.

Given these considerations, the most appropriate answer is:

```json
{
  ""cop"": ""None of the above"",
  ""cop_index"": 3,
  ""why_correct"": ""The patient's symptoms point towards posterior chain dysfunction from a whiplash injury rather than spinal degeneration or separate unrelated issues."",
  ""why_others_incorrect"": ""Options '0' and '1' are incorrect as they do not directly address the presented clinical scenario. Option '2' is incorrect because it suggests unrelated problems, which doesn't fit the patient's presentation.""
}
```"
9fdc81d3-f7b2-42c6-be3d-d9b965c05bc9,"The patient presents with blood in stool (microhematuria), pale conjunctivae, low hemoglobin, and normal MCV, suggesting gastrointestinal bleeding. The 2.3-cm polypoid mass in the ascending colon indicates a possible precancerous lesion.

**Option Analysis:**
- **0: Underexpression of COX-2**: COX-2 is involved in inflammatory processes that can contribute to bleeding by reducing prostaglandin production, potentially linking to both eye and gastrointestinal symptoms.
- **1: Increased phosphorylation of serine and threonine**: Without context on specific pathways or linkages to the patient's condition, this option lacks specificity.
- **3: Abnormal phosphate transfer**: No direct connection to the presented symptoms is evident.

**Conclusion**: Option 0 is plausible as it relates to an inflammatory process potentially affecting both systems. The other options are either too vague or unrelated to the described symptoms and lesion.

```json
{""cop"": ""Underexpression of COX-2"", ""cop_index"": 0, ""why_correct"": ""Underexpression of COX-2 could contribute to the patient's bleeding by reducing prostaglandin production, potentially affecting both the gastrointestinal tract and eyes. This aligns with his symptoms of microhematuria and eye changes."", ""why_others_incorrect"": ""Increased phosphorylation (option 1) lacks specificity without additional context. Option 3 is unrelated as phosphate transfer isn't linked to gastrointestinal bleeding or polyp formation.""}
```"
cc018120-7f17-44b1-a01c-b8b253204bb7,"The question asks about the condition associated with vegetation in the mitral valve. Upon reviewing the options:

- **Libman sacks** relate to mitral valve prolapse and not vegetation.
- **NBTE** is unrelated to heart conditions related to mitral valve vegetation.
- **Rheumatic fever** involves heart damage but isn't linked to mitral valve vegetation.

Since none of the options correctly describe the condition, the correct answer is:

```json
{
  ""cop"": ""None of the above"",
  ""cop_index"": 1,
  ""why_correct"": ""Vegetation in the mitral valve refers to a specific condition not covered by any of the provided options. Libman sacks relate to prolapse, while NBTE and rheumatic fever are unrelated."",
  ""why_others_incorrect"": ""None of the listed options (Libman sacks, NBTE, Rheumatic fever) correctly describe vegetation in the mitral valve.""
}
```"
